avgStudentGPA,CourseNo,OfferNo
3.295000,CS260,222
3.700000,CS421,389
2.970000,CS430,424
3.200000,CS443,541
2.645000,CS450,571
3.000000,CS451,640
2.800000,CS470,810
3.020000,CS471,817
