avgStudentGPA,CourseNo,OfferNo
2.850000,CS401,327
3.700000,CS421,389
2.910000,CS430,424
3.200000,CS443,541
2.645000,CS450,571
3.000000,CS451,640
2.716667,CS470,810
3.020000,CS471,817
