avgCustBal,CustCity,shortCustZip,CustState
500.000000,Seattle,98103,WA
200.000000,Seattle,98178,WA
0.000000,Monroe,98013,WA
85.000000,Renton,98666,WA
683.333333,Seattle,98105,WA
250.000000,Bellevue,98104,WA
928.000000,Fife,98222,WA
0.000000,Lynnwood,98036,WA
